Workbook

Sheet 📖 READ ME FIRST
B2: 🎯 JEOPARDY QUESTION WORKBOOK
B4: STEP 1 — WRITE YOUR QUESTIONS IN THE 🗂 QUESTION BANK
B5: Put every question you come up with in the Question Bank tab, one per row — in any order. Each row has an ID number; that number is how you'll drop the question into a category later, so questions are easy to swap around.
B6: Special answer: type UNKNOWN as the answer if there's no preset answer — the game host will type the real answer live during the game (great for crowd challenges and judgment calls).
B8: STEP 2 — (OPTIONAL) ADD PICTURES IN THE 🖼 IMAGE BANK
B9: Paste image links in the Image Bank tab, one per row, each with an Image ID. Easiest source: upload the picture to Google Drive → right-click it → Share → "Anyone with the link" → Copy link → paste here. Regular image links from the web work too.
B10: Attach a picture to a question by putting its Image ID in the question's Image ID column (in the Question Bank, or on a category tab). The picture appears on the TV under the question.
B12: STEP 3 — BUILD THE CATEGORIES
B13: Each colored "Category" tab is ONE category on the game board (up to 6). Double-click the tab and RENAME it — the tab's name is exactly what appears on the board. ("Category 1" → "80s Movies")
B14: Next to each dollar amount, just type a Question ID from the bank — the question and answer fill in by themselves (blue-tinted cells). You can also ignore the bank and type a question straight into those cells.
B15: Leave a row's ID blank → that tile won't appear on the board. Leave a whole tab untouched → that category won't appear at all. The game board mirrors this workbook exactly.
B16: Optional: give a category a Daily Double by typing one dollar amount (like 800) in the gold box at the bottom of its tab.
... B26: Type in the WHITE boxes with BLUE borders. Blue-tinted cells fill in automatically from the banks (you may type over them). Gray cells are labels — leave those alone.

Sheet ⚙️ Game Setup
B2: ⚙️ GAME SETUP
B4: Game title (shown on the big screen) | C4: Jeopardy!
B6: TEAMS — up to 6. Blank rows are skipped.
B7: Team name | C7: Players — optional, separated by commas (shown on the TV)
B16: FINAL JEOPARDY — optional. Leave blank for no final round.
B17: Final Jeopardy category
B18: Final Jeopardy question
B19: Final Jeopardy answer (or UNKNOWN)

Sheet 🗂 Question Bank
A1: 🗂 QUESTION BANK — write ALL your questions here, one per row, in any order. Each row's ID number is how you drop the question into a category tab, so questions stay easy to swap.
A3: ID | B3: QUESTION | C3: ANSWER — or type UNKNOWN to have the host type it live | D3: Image ID (optional)
A4: 1
A5: 2
A6: 3
A7: 4
A8: 5
A9: 6
A10: 7
A11: 8
A12: 9
A13: 10
A14: 11
A15: 12
... A63: 60

Sheet 🖼 Image Bank
A1: 🖼 IMAGE BANK — paste picture links here. Attach one to a question by putting its Image ID next to the question (in the 🗂 Question Bank or on a category tab).
A2: Easiest way: upload the picture to Google Drive → right-click → Share → "Anyone with the link" → Copy link → paste below. Regular image links from the web work too.
A4: Image ID | B4: Image link (paste the URL here) | C4: What it shows (just a note for you)
A5: 1
A6: 2
A7: 3
A8: 4
A9: 5
A10: 6
A11: 7
A12: 8
A13: 9
A14: 10
A15: 11
A16: 12
... A34: 30

Sheet Category 1
A1: ✏️ This whole tab is ONE category. Double-click the tab name below ("Category 1") and rename it — the tab's name is the category title players see on the board. Type a Question ID from the 🗂 Question Bank next to each dollar amount and the rest fills in by itself (or just type a question directly).
A3: Value | B3: Question ID (from the 🗂 bank) | C3: QUESTION — auto-fills from the ID (you can also type here) | D3: ANSWER — auto-fills. UNKNOWN = host types it live | E3: Image ID (auto)
A4: $200 | C4: =IF($B4="","",IFERROR(VLOOKUP($B4,'🗂 Question Bank'!$A:$D,2,FALSE),"⚠ ID not found")) | D4: =IF($B4="","",IFERROR(VLOOKUP($B4,'🗂 Question Bank'!$A:$D,3,FALSE),"⚠ ID not found")) | E4: =IF($B4="","",IFERROR(VLOOKUP($B4,'🗂 Question Bank'!$A:$D,4,FALSE),""))
A5: $400 | C5: =IF($B5="","",IFERROR(VLOOKUP($B5,'🗂 Question Bank'!$A:$D,2,FALSE),"⚠ ID not found")) | D5: =IF($B5="","",IFERROR(VLOOKUP($B5,'🗂 Question Bank'!$A:$D,3,FALSE),"⚠ ID not found")) | E5: =IF($B5="","",IFERROR(VLOOKUP($B5,'🗂 Question Bank'!$A:$D,4,FALSE),""))
A6: $600 | C6: =IF($B6="","",IFERROR(VLOOKUP($B6,'🗂 Question Bank'!$A:$D,2,FALSE),"⚠ ID not found")) | D6: =IF($B6="","",IFERROR(VLOOKUP($B6,'🗂 Question Bank'!$A:$D,3,FALSE),"⚠ ID not found")) | E6: =IF($B6="","",IFERROR(VLOOKUP($B6,'🗂 Question Bank'!$A:$D,4,FALSE),""))
A7: $800 | C7: =IF($B7="","",IFERROR(VLOOKUP($B7,'🗂 Question Bank'!$A:$D,2,FALSE),"⚠ ID not found")) | D7: =IF($B7="","",IFERROR(VLOOKUP($B7,'🗂 Question Bank'!$A:$D,3,FALSE),"⚠ ID not found")) | E7: =IF($B7="","",IFERROR(VLOOKUP($B7,'🗂 Question Bank'!$A:$D,4,FALSE),""))
A8: $1000 | C8: =IF($B8="","",IFERROR(VLOOKUP($B8,'🗂 Question Bank'!$A:$D,2,FALSE),"⚠ ID not found")) | D8: =IF($B8="","",IFERROR(VLOOKUP($B8,'🗂 Question Bank'!$A:$D,3,FALSE),"⚠ ID not found")) | E8: =IF($B8="","",IFERROR(VLOOKUP($B8,'🗂 Question Bank'!$A:$D,4,FALSE),""))
A10: 💰 Daily Double (optional): type ONE dollar amount from above (e.g. 800) to make that question the Daily Double →

Sheet Category 2
A1: ✏️ This whole tab is ONE category. Double-click the tab name below ("Category 2") and rename it — the tab's name is the category title players see on the board. Type a Question ID from the 🗂 Question Bank next to each dollar amount and the rest fills in by itself (or just type a question directly).
A3: Value | B3: Question ID (from the 🗂 bank) | C3: QUESTION — auto-fills from the ID (you can also type here) | D3: ANSWER — auto-fills. UNKNOWN = host types it live | E3: Image ID (auto)
A4: $200 | C4: =IF($B4="","",IFERROR(VLOOKUP($B4,'🗂 Question Bank'!$A:$D,2,FALSE),"⚠ ID not found")) | D4: =IF($B4="","",IFERROR(VLOOKUP($B4,'🗂 Question Bank'!$A:$D,3,FALSE),"⚠ ID not found")) | E4: =IF($B4="","",IFERROR(VLOOKUP($B4,'🗂 Question Bank'!$A:$D,4,FALSE),""))
A5: $400 | C5: =IF($B5="","",IFERROR(VLOOKUP($B5,'🗂 Question Bank'!$A:$D,2,FALSE),"⚠ ID not found")) | D5: =IF($B5="","",IFERROR(VLOOKUP($B5,'🗂 Question Bank'!$A:$D,3,FALSE),"⚠ ID not found")) | E5: =IF($B5="","",IFERROR(VLOOKUP($B5,'🗂 Question Bank'!$A:$D,4,FALSE),""))
A6: $600 | C6: =IF($B6="","",IFERROR(VLOOKUP($B6,'🗂 Question Bank'!$A:$D,2,FALSE),"⚠ ID not found")) | D6: =IF($B6="","",IFERROR(VLOOKUP($B6,'🗂 Question Bank'!$A:$D,3,FALSE),"⚠ ID not found")) | E6: =IF($B6="","",IFERROR(VLOOKUP($B6,'🗂 Question Bank'!$A:$D,4,FALSE),""))
A7: $800 | C7: =IF($B7="","",IFERROR(VLOOKUP($B7,'🗂 Question Bank'!$A:$D,2,FALSE),"⚠ ID not found")) | D7: =IF($B7="","",IFERROR(VLOOKUP($B7,'🗂 Question Bank'!$A:$D,3,FALSE),"⚠ ID not found")) | E7: =IF($B7="","",IFERROR(VLOOKUP($B7,'🗂 Question Bank'!$A:$D,4,FALSE),""))
A8: $1000 | C8: =IF($B8="","",IFERROR(VLOOKUP($B8,'🗂 Question Bank'!$A:$D,2,FALSE),"⚠ ID not found")) | D8: =IF($B8="","",IFERROR(VLOOKUP($B8,'🗂 Question Bank'!$A:$D,3,FALSE),"⚠ ID not found")) | E8: =IF($B8="","",IFERROR(VLOOKUP($B8,'🗂 Question Bank'!$A:$D,4,FALSE),""))
A10: 💰 Daily Double (optional): type ONE dollar amount from above (e.g. 800) to make that question the Daily Double →

Sheet Category 3
A1: ✏️ This whole tab is ONE category. Double-click the tab name below ("Category 3") and rename it — the tab's name is the category title players see on the board. Type a Question ID from the 🗂 Question Bank next to each dollar amount and the rest fills in by itself (or just type a question directly).
A3: Value | B3: Question ID (from the 🗂 bank) | C3: QUESTION — auto-fills from the ID (you can also type here) | D3: ANSWER — auto-fills. UNKNOWN = host types it live | E3: Image ID (auto)
A4: $200 | C4: =IF($B4="","",IFERROR(VLOOKUP($B4,'🗂 Question Bank'!$A:$D,2,FALSE),"⚠ ID not found")) | D4: =IF($B4="","",IFERROR(VLOOKUP($B4,'🗂 Question Bank'!$A:$D,3,FALSE),"⚠ ID not found")) | E4: =IF($B4="","",IFERROR(VLOOKUP($B4,'🗂 Question Bank'!$A:$D,4,FALSE),""))
A5: $400 | C5: =IF($B5="","",IFERROR(VLOOKUP($B5,'🗂 Question Bank'!$A:$D,2,FALSE),"⚠ ID not found")) | D5: =IF($B5="","",IFERROR(VLOOKUP($B5,'🗂 Question Bank'!$A:$D,3,FALSE),"⚠ ID not found")) | E5: =IF($B5="","",IFERROR(VLOOKUP($B5,'🗂 Question Bank'!$A:$D,4,FALSE),""))
A6: $600 | C6: =IF($B6="","",IFERROR(VLOOKUP($B6,'🗂 Question Bank'!$A:$D,2,FALSE),"⚠ ID not found")) | D6: =IF($B6="","",IFERROR(VLOOKUP($B6,'🗂 Question Bank'!$A:$D,3,FALSE),"⚠ ID not found")) | E6: =IF($B6="","",IFERROR(VLOOKUP($B6,'🗂 Question Bank'!$A:$D,4,FALSE),""))
A7: $800 | C7: =IF($B7="","",IFERROR(VLOOKUP($B7,'🗂 Question Bank'!$A:$D,2,FALSE),"⚠ ID not found")) | D7: =IF($B7="","",IFERROR(VLOOKUP($B7,'🗂 Question Bank'!$A:$D,3,FALSE),"⚠ ID not found")) | E7: =IF($B7="","",IFERROR(VLOOKUP($B7,'🗂 Question Bank'!$A:$D,4,FALSE),""))
A8: $1000 | C8: =IF($B8="","",IFERROR(VLOOKUP($B8,'🗂 Question Bank'!$A:$D,2,FALSE),"⚠ ID not found")) | D8: =IF($B8="","",IFERROR(VLOOKUP($B8,'🗂 Question Bank'!$A:$D,3,FALSE),"⚠ ID not found")) | E8: =IF($B8="","",IFERROR(VLOOKUP($B8,'🗂 Question Bank'!$A:$D,4,FALSE),""))
A10: 💰 Daily Double (optional): type ONE dollar amount from above (e.g. 800) to make that question the Daily Double →

Sheet Category 4
A1: ✏️ This whole tab is ONE category. Double-click the tab name below ("Category 4") and rename it — the tab's name is the category title players see on the board. Type a Question ID from the 🗂 Question Bank next to each dollar amount and the rest fills in by itself (or just type a question directly).
A3: Value | B3: Question ID (from the 🗂 bank) | C3: QUESTION — auto-fills from the ID (you can also type here) | D3: ANSWER — auto-fills. UNKNOWN = host types it live | E3: Image ID (auto)
A4: $200 | C4: =IF($B4="","",IFERROR(VLOOKUP($B4,'🗂 Question Bank'!$A:$D,2,FALSE),"⚠ ID not found")) | D4: =IF($B4="","",IFERROR(VLOOKUP($B4,'🗂 Question Bank'!$A:$D,3,FALSE),"⚠ ID not found")) | E4: =IF($B4="","",IFERROR(VLOOKUP($B4,'🗂 Question Bank'!$A:$D,4,FALSE),""))
A5: $400 | C5: =IF($B5="","",IFERROR(VLOOKUP($B5,'🗂 Question Bank'!$A:$D,2,FALSE),"⚠ ID not found")) | D5: =IF($B5="","",IFERROR(VLOOKUP($B5,'🗂 Question Bank'!$A:$D,3,FALSE),"⚠ ID not found")) | E5: =IF($B5="","",IFERROR(VLOOKUP($B5,'🗂 Question Bank'!$A:$D,4,FALSE),""))
A6: $600 | C6: =IF($B6="","",IFERROR(VLOOKUP($B6,'🗂 Question Bank'!$A:$D,2,FALSE),"⚠ ID not found")) | D6: =IF($B6="","",IFERROR(VLOOKUP($B6,'🗂 Question Bank'!$A:$D,3,FALSE),"⚠ ID not found")) | E6: =IF($B6="","",IFERROR(VLOOKUP($B6,'🗂 Question Bank'!$A:$D,4,FALSE),""))
A7: $800 | C7: =IF($B7="","",IFERROR(VLOOKUP($B7,'🗂 Question Bank'!$A:$D,2,FALSE),"⚠ ID not found")) | D7: =IF($B7="","",IFERROR(VLOOKUP($B7,'🗂 Question Bank'!$A:$D,3,FALSE),"⚠ ID not found")) | E7: =IF($B7="","",IFERROR(VLOOKUP($B7,'🗂 Question Bank'!$A:$D,4,FALSE),""))
A8: $1000 | C8: =IF($B8="","",IFERROR(VLOOKUP($B8,'🗂 Question Bank'!$A:$D,2,FALSE),"⚠ ID not found")) | D8: =IF($B8="","",IFERROR(VLOOKUP($B8,'🗂 Question Bank'!$A:$D,3,FALSE),"⚠ ID not found")) | E8: =IF($B8="","",IFERROR(VLOOKUP($B8,'🗂 Question Bank'!$A:$D,4,FALSE),""))
A10: 💰 Daily Double (optional): type ONE dollar amount from above (e.g. 800) to make that question the Daily Double →

Sheet Category 5
A1: ✏️ This whole tab is ONE category. Double-click the tab name below ("Category 5") and rename it — the tab's name is the category title players see on the board. Type a Question ID from the 🗂 Question Bank next to each dollar amount and the rest fills in by itself (or just type a question directly).
A3: Value | B3: Question ID (from the 🗂 bank) | C3: QUESTION — auto-fills from the ID (you can also type here) | D3: ANSWER — auto-fills. UNKNOWN = host types it live | E3: Image ID (auto)
A4: $200 | C4: =IF($B4="","",IFERROR(VLOOKUP($B4,'🗂 Question Bank'!$A:$D,2,FALSE),"⚠ ID not found")) | D4: =IF($B4="","",IFERROR(VLOOKUP($B4,'🗂 Question Bank'!$A:$D,3,FALSE),"⚠ ID not found")) | E4: =IF($B4="","",IFERROR(VLOOKUP($B4,'🗂 Question Bank'!$A:$D,4,FALSE),""))
A5: $400 | C5: =IF($B5="","",IFERROR(VLOOKUP($B5,'🗂 Question Bank'!$A:$D,2,FALSE),"⚠ ID not found")) | D5: =IF($B5="","",IFERROR(VLOOKUP($B5,'🗂 Question Bank'!$A:$D,3,FALSE),"⚠ ID not found")) | E5: =IF($B5="","",IFERROR(VLOOKUP($B5,'🗂 Question Bank'!$A:$D,4,FALSE),""))
A6: $600 | C6: =IF($B6="","",IFERROR(VLOOKUP($B6,'🗂 Question Bank'!$A:$D,2,FALSE),"⚠ ID not found")) | D6: =IF($B6="","",IFERROR(VLOOKUP($B6,'🗂 Question Bank'!$A:$D,3,FALSE),"⚠ ID not found")) | E6: =IF($B6="","",IFERROR(VLOOKUP($B6,'🗂 Question Bank'!$A:$D,4,FALSE),""))
A7: $800 | C7: =IF($B7="","",IFERROR(VLOOKUP($B7,'🗂 Question Bank'!$A:$D,2,FALSE),"⚠ ID not found")) | D7: =IF($B7="","",IFERROR(VLOOKUP($B7,'🗂 Question Bank'!$A:$D,3,FALSE),"⚠ ID not found")) | E7: =IF($B7="","",IFERROR(VLOOKUP($B7,'🗂 Question Bank'!$A:$D,4,FALSE),""))
A8: $1000 | C8: =IF($B8="","",IFERROR(VLOOKUP($B8,'🗂 Question Bank'!$A:$D,2,FALSE),"⚠ ID not found")) | D8: =IF($B8="","",IFERROR(VLOOKUP($B8,'🗂 Question Bank'!$A:$D,3,FALSE),"⚠ ID not found")) | E8: =IF($B8="","",IFERROR(VLOOKUP($B8,'🗂 Question Bank'!$A:$D,4,FALSE),""))
A10: 💰 Daily Double (optional): type ONE dollar amount from above (e.g. 800) to make that question the Daily Double →

Sheet Category 6
A1: ✏️ This whole tab is ONE category. Double-click the tab name below ("Category 6") and rename it — the tab's name is the category title players see on the board. Type a Question ID from the 🗂 Question Bank next to each dollar amount and the rest fills in by itself (or just type a question directly).
A3: Value | B3: Question ID (from the 🗂 bank) | C3: QUESTION — auto-fills from the ID (you can also type here) | D3: ANSWER — auto-fills. UNKNOWN = host types it live | E3: Image ID (auto)
A4: $200 | C4: =IF($B4="","",IFERROR(VLOOKUP($B4,'🗂 Question Bank'!$A:$D,2,FALSE),"⚠ ID not found")) | D4: =IF($B4="","",IFERROR(VLOOKUP($B4,'🗂 Question Bank'!$A:$D,3,FALSE),"⚠ ID not found")) | E4: =IF($B4="","",IFERROR(VLOOKUP($B4,'🗂 Question Bank'!$A:$D,4,FALSE),""))
A5: $400 | C5: =IF($B5="","",IFERROR(VLOOKUP($B5,'🗂 Question Bank'!$A:$D,2,FALSE),"⚠ ID not found")) | D5: =IF($B5="","",IFERROR(VLOOKUP($B5,'🗂 Question Bank'!$A:$D,3,FALSE),"⚠ ID not found")) | E5: =IF($B5="","",IFERROR(VLOOKUP($B5,'🗂 Question Bank'!$A:$D,4,FALSE),""))
A6: $600 | C6: =IF($B6="","",IFERROR(VLOOKUP($B6,'🗂 Question Bank'!$A:$D,2,FALSE),"⚠ ID not found")) | D6: =IF($B6="","",IFERROR(VLOOKUP($B6,'🗂 Question Bank'!$A:$D,3,FALSE),"⚠ ID not found")) | E6: =IF($B6="","",IFERROR(VLOOKUP($B6,'🗂 Question Bank'!$A:$D,4,FALSE),""))
A7: $800 | C7: =IF($B7="","",IFERROR(VLOOKUP($B7,'🗂 Question Bank'!$A:$D,2,FALSE),"⚠ ID not found")) | D7: =IF($B7="","",IFERROR(VLOOKUP($B7,'🗂 Question Bank'!$A:$D,3,FALSE),"⚠ ID not found")) | E7: =IF($B7="","",IFERROR(VLOOKUP($B7,'🗂 Question Bank'!$A:$D,4,FALSE),""))
A8: $1000 | C8: =IF($B8="","",IFERROR(VLOOKUP($B8,'🗂 Question Bank'!$A:$D,2,FALSE),"⚠ ID not found")) | D8: =IF($B8="","",IFERROR(VLOOKUP($B8,'🗂 Question Bank'!$A:$D,3,FALSE),"⚠ ID not found")) | E8: =IF($B8="","",IFERROR(VLOOKUP($B8,'🗂 Question Bank'!$A:$D,4,FALSE),""))
A10: 💰 Daily Double (optional): type ONE dollar amount from above (e.g. 800) to make that question the Daily Double →
